CustomerID,Name,Email,SignupDate,Country
C0001,Kabir Verma,kabir.verma45@example.com,2025-05-06 00:00:00,India
C0002,Isha White,isha.white21@example.com,2025-10-30 00:00:00,United States
C0003,Aditya Singh,aditya.singh37@example.com,2025-04-30 00:00:00,United States
C0004,Aditya Harris,aditya.harris35@example.com,2026-01-02 00:00:00,United States
C0005,Anil Mukherjee,anil.mukherjee38@example.com,2025-08-18 00:00:00,United States
C0006,Aarav Smith,aarav.smith99@example.com,2025-08-05 00:00:00,India
C0007,Neha Brown,neha.brown53@example.com,2025-02-22 00:00:00,India
C0008,Isha Roy,isha.roy54@example.com,2025-11-06 00:00:00,India
C0009,Amit Mishra,amit.mishra78@example.com,2025-03-05 00:00:00,Singapore
C0010,William Singh,william.singh80@example.com,2025-05-31 00:00:00,Germany
C0011,Kiran Bose,kiran.bose83@example.com,2025-04-09 00:00:00,United Kingdom
C0012,Amit Jones,amit.jones47@example.com,2025-02-10 00:00:00,France
C0013,Isha Das,isha.das45@example.com,2025-08-21 00:00:00,United States
C0014,Karen Smith,karen.smith57@example.com,2025-07-01 00:00:00,India
C0015,Michael Patel,michael.patel87@example.com,2025-11-22 00:00:00,India
C0016,James Smith,james.smith69@example.com,2025-07-14 00:00:00,India
C0017,Suresh Jones,suresh.jones97@example.com,2025-06-16 00:00:00,France
C0018,Ananya Jones,ananya.jones14@example.com,2026-02-17 00:00:00,India
C0019,Michael Patel,michael.patel37@example.com,2025-10-18 00:00:00,France
C0020,John Brown,john.brown93@example.com,2025-09-13 00:00:00,India
C0021,Ashley Reddy,ashley.reddy43@example.com,2025-03-13 00:00:00,India
C0022,Suresh White,suresh.white43@example.com,2026-01-18 00:00:00,United States
C0023,Deepak Choudhury,deepak.choudhury56@example.com,2025-04-23 00:00:00,Singapore
C0024,Meera Thomas,meera.thomas73@example.com,2025-02-16 00:00:00,Germany
C0025,Kabir Reddy,kabir.reddy90@example.com,2025-03-23 00:00:00,Germany
C0026,Sandra Young,sandra.young18@example.com,2025-07-17 00:00:00,India
C0027,Ashley Jackson,ashley.jackson42@example.com,2025-10-11 00:00:00,France
C0028,Aarav Rao,aarav.rao97@example.com,2025-10-02 00:00:00,Germany
C0029,Jessica Rao,jessica.rao47@example.com,2025-08-11 00:00:00,India
C0030,Aarav Miller,aarav.miller74@example.com,2026-01-26 00:00:00,India
C0031,Isha Martinez,isha.martinez91@example.com,2025-09-17 00:00:00,United States
C0032,Neha Bose,neha.bose30@example.com,2025-10-04 00:00:00,Australia
C0033,Vijay Sharma,vijay.sharma86@example.com,2025-06-15 00:00:00,United States
C0034,Kabir Bose,kabir.bose49@example.com,2025-05-03 00:00:00,India
C0035,Gita Singh,gita.singh20@example.com,2026-01-10 00:00:00,United States
C0036,Arjun White,arjun.white26@example.com,2025-03-07 00:00:00,United Kingdom
C0037,Suresh Smith,suresh.smith43@example.com,2025-09-28 00:00:00,France
C0038,Sandra Brown,sandra.brown79@example.com,2026-01-22 00:00:00,United Kingdom
C0039,Siddharth Martinez,siddharth.martinez61@example.com,2025-12-10 00:00:00,United States
C0040,Richard Jackson,richard.jackson67@example.com,2025-03-03 00:00:00,India
C0041,Arjun Sen,arjun.sen12@example.com,2025-10-29 00:00:00,United States
C0042,Deepak Jones,deepak.jones10@example.com,2025-02-06 00:00:00,United Kingdom
C0043,Ananya Jones,ananya.jones18@example.com,2025-01-17 00:00:00,France
C0044,Arjun Thomas,arjun.thomas40@example.com,2025-05-23 00:00:00,United Kingdom
C0045,Tanvi White,tanvi.white26@example.com,2026-01-06 00:00:00,Australia
C0046,Gita Martin,gita.martin70@example.com,2025-05-05 00:00:00,Germany
C0047,Thomas Williams,thomas.williams22@example.com,2025-02-19 00:00:00,United Kingdom
C0048,Robert Banerjee,robert.banerjee62@example.com,2025-08-28 00:00:00,France
C0049,Ananya Joshi,ananya.joshi17@example.com,2025-07-26 00:00:00,United Kingdom
C0050,Isha Garcia,isha.garcia34@example.com,2025-04-08 00:00:00,United States
C0051,Meera Banerjee,meera.banerjee33@example.com,2025-05-23 00:00:00,United States
C0052,Arjun Chatterjee,arjun.chatterjee80@example.com,2025-02-20 00:00:00,India
C0053,Anil Sharma,anil.sharma21@example.com,2026-01-21 00:00:00,France
C0054,Pranav Mukherjee,pranav.mukherjee72@example.com,2025-09-04 00:00:00,India
C0055,Lisa Mehta,lisa.mehta31@example.com,2025-07-14 00:00:00,India
C0056,William Miller,william.miller68@example.com,2025-05-27 00:00:00,United States
C0057,Suresh Anderson,suresh.anderson29@example.com,2025-04-08 00:00:00,India
C0058,Ananya Thompson,ananya.thompson79@example.com,2025-02-01 00:00:00,United Kingdom
C0059,Ananya Mehta,ananya.mehta84@example.com,2025-09-02 00:00:00,United States
C0060,Vijay Smith,vijay.smith17@example.com,2025-09-18 00:00:00,India
C0061,Rohan Patel,rohan.patel86@example.com,2025-02-04 00:00:00,United Kingdom
C0062,James Choudhury,james.choudhury25@example.com,2025-10-19 00:00:00,India
C0063,Sanjay Gupta,sanjay.gupta89@example.com,2025-02-11 00:00:00,United States
C0064,Deepak Martin,deepak.martin76@example.com,2025-06-11 00:00:00,Australia
C0065,Tanvi Kumar,tanvi.kumar40@example.com,2025-05-16 00:00:00,India
C0066,David Mishra,david.mishra50@example.com,2026-01-20 00:00:00,Australia
C0067,Aarav Mishra,aarav.mishra89@example.com,2025-10-16 00:00:00,Singapore
C0068,Arjun White,arjun.white37@example.com,2025-09-17 00:00:00,India
C0069,Robert Patel,robert.patel41@example.com,2025-07-09 00:00:00,India
C0070,Richard White,richard.white48@example.com,2025-11-10 00:00:00,Singapore
C0071,Vijay Sharma,vijay.sharma95@example.com,2025-10-11 00:00:00,India
C0072,Isha Nair,isha.nair43@example.com,2025-03-01 00:00:00,Canada
C0073,Suresh Reddy,suresh.reddy44@example.com,2025-05-25 00:00:00,United States
C0074,Jessica Brown,jessica.brown97@example.com,2025-11-21 00:00:00,France
C0075,Sunita Anderson,sunita.anderson42@example.com,2025-01-27 00:00:00,India
C0076,Sandra Davis,sandra.davis15@example.com,2025-01-02 00:00:00,India
C0077,Meera Miller,meera.miller30@example.com,2026-01-15 00:00:00,United States
C0078,Sandra Harris,sandra.harris11@example.com,2025-02-27 00:00:00,India
C0079,Neha White,neha.white14@example.com,2025-07-09 00:00:00,United States
C0080,Neha Banerjee,neha.banerjee26@example.com,2025-01-22 00:00:00,India
C0081,Amit Roy,amit.roy36@example.com,2025-12-16 00:00:00,India
C0082,Isha Roy,isha.roy81@example.com,2025-07-28 00:00:00,Singapore
C0083,Neha Garcia,neha.garcia30@example.com,2026-02-14 00:00:00,Germany
C0084,Thomas Verma,thomas.verma32@example.com,2026-01-13 00:00:00,Canada
C0085,Thomas Garcia,thomas.garcia44@example.com,2025-03-23 00:00:00,Germany
C0086,Isha Das,isha.das14@example.com,2025-08-29 00:00:00,India
C0087,Ashley Roy,ashley.roy49@example.com,2026-02-12 00:00:00,France
C0088,Vikram Verma,vikram.verma94@example.com,2025-04-09 00:00:00,India
C0089,Michael Patel,michael.patel45@example.com,2025-06-29 00:00:00,United States
C0090,Lisa White,lisa.white52@example.com,2025-01-15 00:00:00,India
C0091,Emily Johnson,emily.johnson84@example.com,2025-05-16 00:00:00,India
C0092,Sanjay Banerjee,sanjay.banerjee54@example.com,2026-01-09 00:00:00,Germany
C0093,Sandra Young,sandra.young75@example.com,2025-03-01 00:00:00,India
C0094,Gita Williams,gita.williams42@example.com,2025-01-23 00:00:00,United Kingdom
C0095,Aarav Jackson,aarav.jackson78@example.com,2025-12-18 00:00:00,United Kingdom
C0096,Siddharth Bose,siddharth.bose65@example.com,2025-02-05 00:00:00,Australia
C0097,Jessica King,jessica.king50@example.com,2025-12-06 00:00:00,France
C0098,David Thomas,david.thomas49@example.com,2025-12-08 00:00:00,United States
C0099,Lisa Rodriguez,lisa.rodriguez80@example.com,2025-03-07 00:00:00,India
C0100,William Johnson,william.johnson88@example.com,2025-10-19 00:00:00,India
C0101,Suresh Sharma,suresh.sharma48@example.com,2025-05-27 00:00:00,India
C0102,Deepak Young,deepak.young93@example.com,2025-06-14 00:00:00,United States
C0103,Richard Brown,richard.brown75@example.com,2025-08-31 00:00:00,Germany
C0104,Pranav Singh,pranav.singh46@example.com,2025-09-21 00:00:00,United Kingdom
C0105,Kiran Sen,kiran.sen21@example.com,2026-01-20 00:00:00,India
C0106,David Jones,david.jones35@example.com,2025-03-17 00:00:00,India
C0107,James Taylor,james.taylor88@example.com,2026-01-29 00:00:00,India
C0108,Thomas Martin,thomas.martin34@example.com,2026-01-03 00:00:00,United Kingdom
C0109,Priya Choudhury,priya.choudhury41@example.com,2025-03-17 00:00:00,United Kingdom
C0110,Aarav Joshi,aarav.joshi64@example.com,2025-04-23 00:00:00,India
C0111,Vijay Mishra,vijay.mishra16@example.com,2025-10-13 00:00:00,India
C0112,Kabir Mishra,kabir.mishra27@example.com,2026-02-15 00:00:00,United States
C0113,Vijay Harris,vijay.harris86@example.com,2025-06-12 00:00:00,Australia
C0114,Richard King,richard.king74@example.com,2025-08-07 00:00:00,France
C0115,Suresh Chatterjee,suresh.chatterjee30@example.com,2026-01-16 00:00:00,France
C0116,Richard Miller,richard.miller41@example.com,2025-11-23 00:00:00,India
C0117,Vijay Anderson,vijay.anderson90@example.com,2025-05-03 00:00:00,India
C0118,Arjun Rodriguez,arjun.rodriguez40@example.com,2025-05-20 00:00:00,India
C0119,Anil Singh,anil.singh27@example.com,2025-03-19 00:00:00,India
C0120,Neha Brown,neha.brown18@example.com,2025-08-01 00:00:00,United States
C0121,Anil Mishra,anil.mishra63@example.com,2025-02-01 00:00:00,India
C0122,Thomas Das,thomas.das84@example.com,2025-12-23 00:00:00,India
C0123,Gita Das,gita.das71@example.com,2025-01-04 00:00:00,Australia
C0124,David Das,david.das63@example.com,2025-10-03 00:00:00,United Kingdom
C0125,Anil Young,anil.young38@example.com,2025-09-07 00:00:00,India
C0126,Sandra Anderson,sandra.anderson13@example.com,2025-07-19 00:00:00,India
C0127,Lisa Smith,lisa.smith69@example.com,2025-03-07 00:00:00,Singapore
C0128,Anil Verma,anil.verma60@example.com,2025-10-31 00:00:00,United States
C0129,Aditya Singh,aditya.singh92@example.com,2025-08-08 00:00:00,India
C0130,Ashley Johnson,ashley.johnson16@example.com,2025-05-14 00:00:00,India
C0131,Tanvi Mishra,tanvi.mishra51@example.com,2025-06-22 00:00:00,Germany
C0132,William Davis,william.davis63@example.com,2025-05-10 00:00:00,France
C0133,Rajesh Verma,rajesh.verma79@example.com,2025-01-27 00:00:00,Singapore
C0134,Robert Jones,robert.jones93@example.com,2025-02-05 00:00:00,Germany
C0135,Amit Verma,amit.verma41@example.com,2025-04-13 00:00:00,France
C0136,Kiran Reddy,kiran.reddy40@example.com,2025-03-06 00:00:00,United States
C0137,Kabir Martin,kabir.martin37@example.com,2025-08-27 00:00:00,United Kingdom
C0138,Karen Smith,karen.smith87@example.com,2025-11-07 00:00:00,Australia
C0139,Kabir Smith,kabir.smith49@example.com,2025-02-25 00:00:00,United States
C0140,David Martin,david.martin96@example.com,2025-07-12 00:00:00,India
C0141,Siddharth Patel,siddharth.patel85@example.com,2025-12-20 00:00:00,France
C0142,James Joshi,james.joshi99@example.com,2026-01-31 00:00:00,India
C0143,Sanjay Rao,sanjay.rao82@example.com,2026-02-05 00:00:00,India
C0144,Anil Banerjee,anil.banerjee94@example.com,2025-07-09 00:00:00,India
C0145,Jessica Sharma,jessica.sharma63@example.com,2025-09-08 00:00:00,India
C0146,Karen Mishra,karen.mishra29@example.com,2025-08-11 00:00:00,India
C0147,Vijay Davis,vijay.davis88@example.com,2026-02-18 00:00:00,Canada
C0148,Rajesh Mishra,rajesh.mishra65@example.com,2026-01-10 00:00:00,United States
C0149,John Garcia,john.garcia21@example.com,2025-05-23 00:00:00,Canada
C0150,James Mishra,james.mishra82@example.com,2025-11-09 00:00:00,United Kingdom
C0151,Jessica Verma,jessica.verma73@example.com,2025-06-16 00:00:00,India
C0152,Tanvi Roy,tanvi.roy43@example.com,2025-06-24 00:00:00,India
C0153,Sanjay Davis,sanjay.davis81@example.com,2025-01-06 00:00:00,United States
C0154,Siddharth Singh,siddharth.singh40@example.com,2026-01-04 00:00:00,United States
C0155,Suresh Garcia,suresh.garcia98@example.com,2025-09-01 00:00:00,United States
C0156,Priya Chatterjee,priya.chatterjee12@example.com,2025-02-17 00:00:00,India
C0157,Lisa Garcia,lisa.garcia49@example.com,2025-12-06 00:00:00,United States
C0158,Rajesh Harris,rajesh.harris77@example.com,2025-06-26 00:00:00,United States
C0159,Suresh Sen,suresh.sen55@example.com,2025-12-26 00:00:00,United States
C0160,David Miller,david.miller39@example.com,2025-03-03 00:00:00,United Kingdom
C0161,John Rao,john.rao78@example.com,2026-01-26 00:00:00,United Kingdom
C0162,Siddharth Brown,siddharth.brown71@example.com,2025-05-22 00:00:00,United Kingdom
C0163,Vijay Young,vijay.young46@example.com,2025-02-21 00:00:00,France
C0164,Sarah Jones,sarah.jones56@example.com,2025-04-02 00:00:00,India
C0165,Anil Nair,anil.nair45@example.com,2025-01-24 00:00:00,Singapore
C0166,Suresh Rodriguez,suresh.rodriguez99@example.com,2025-03-06 00:00:00,United States
C0167,Priya Joshi,priya.joshi11@example.com,2025-10-21 00:00:00,India
C0168,Rajesh Chatterjee,rajesh.chatterjee53@example.com,2025-04-05 00:00:00,Australia
C0169,Emily Taylor,emily.taylor24@example.com,2025-02-03 00:00:00,United States
C0170,Arjun Martin,arjun.martin90@example.com,2025-12-18 00:00:00,India
C0171,Neha Martin,neha.martin48@example.com,2025-02-13 00:00:00,Singapore
C0172,Kabir Harris,kabir.harris63@example.com,2025-11-07 00:00:00,United States
C0173,Kiran Jones,kiran.jones76@example.com,2025-07-14 00:00:00,United States
C0174,Richard Martinez,richard.martinez85@example.com,2025-08-08 00:00:00,India
C0175,Kiran Mehta,kiran.mehta88@example.com,2026-01-14 00:00:00,India
C0176,Tanvi Brown,tanvi.brown43@example.com,2025-12-05 00:00:00,India
C0177,James Johnson,james.johnson80@example.com,2025-02-08 00:00:00,India
C0178,Thomas Chatterjee,thomas.chatterjee98@example.com,2025-11-01 00:00:00,United States
C0179,Amit Jones,amit.jones46@example.com,2025-12-28 00:00:00,India
C0180,Ashley Patel,ashley.patel97@example.com,2025-04-30 00:00:00,Canada
C0181,Deepak Williams,deepak.williams64@example.com,2025-02-28 00:00:00,United States
C0182,Neha Davis,neha.davis28@example.com,2025-02-06 00:00:00,India
C0183,David Young,david.young82@example.com,2025-05-28 00:00:00,United States
C0184,Ashley Martinez,ashley.martinez99@example.com,2025-07-26 00:00:00,Australia
C0185,Sunita White,sunita.white73@example.com,2025-08-13 00:00:00,India
C0186,Amit Banerjee,amit.banerjee51@example.com,2025-11-06 00:00:00,India
C0187,Diya Jones,diya.jones96@example.com,2025-10-22 00:00:00,United States
C0188,Aditya Davis,aditya.davis83@example.com,2025-01-21 00:00:00,Germany
C0189,Rohan Taylor,rohan.taylor76@example.com,2025-11-30 00:00:00,United States
C0190,Michael Johnson,michael.johnson84@example.com,2025-08-12 00:00:00,United States
C0191,Priya Singh,priya.singh70@example.com,2025-06-28 00:00:00,United States
C0192,John Joshi,john.joshi30@example.com,2025-06-18 00:00:00,United States
C0193,Priya Rodriguez,priya.rodriguez94@example.com,2025-07-25 00:00:00,Germany
C0194,Suresh Gupta,suresh.gupta68@example.com,2025-02-15 00:00:00,India
C0195,John Rao,john.rao61@example.com,2025-09-21 00:00:00,Germany
C0196,Aarav White,aarav.white69@example.com,2025-07-31 00:00:00,India
C0197,Vijay Bose,vijay.bose89@example.com,2026-01-23 00:00:00,United States
C0198,Richard Mehta,richard.mehta36@example.com,2025-05-17 00:00:00,United States
C0199,Sarah Chatterjee,sarah.chatterjee99@example.com,2025-09-06 00:00:00,India
C0200,Sanjay Garcia,sanjay.garcia30@example.com,2025-06-09 00:00:00,United States
C0201,Suresh Mukherjee,suresh.mukherjee21@example.com,2025-04-26 00:00:00,Singapore
C0202,Kabir Mishra,kabir.mishra25@example.com,2025-11-28 00:00:00,France
C0203,Priya Rodriguez,priya.rodriguez75@example.com,2025-12-28 00:00:00,India
C0204,Rajesh Taylor,rajesh.taylor41@example.com,2025-08-22 00:00:00,United States
C0205,William Williams,william.williams86@example.com,2025-09-18 00:00:00,United Kingdom
C0206,Meera Patel,meera.patel45@example.com,2026-01-31 00:00:00,Germany
C0207,Thomas Sen,thomas.sen74@example.com,2025-05-17 00:00:00,Germany
C0208,Sarah Martinez,sarah.martinez85@example.com,2025-10-24 00:00:00,Singapore
C0209,Priya Reddy,priya.reddy67@example.com,2025-10-03 00:00:00,United States
C0210,Jessica Harris,jessica.harris79@example.com,2025-07-13 00:00:00,United States
C0211,John Williams,john.williams99@example.com,2025-05-03 00:00:00,United States
C0212,Vikram Mukherjee,vikram.mukherjee15@example.com,2025-06-12 00:00:00,United Kingdom
C0213,William Das,william.das94@example.com,2026-02-10 00:00:00,Germany
C0214,Neha Anderson,neha.anderson14@example.com,2025-03-06 00:00:00,United States
C0215,Deepak Sen,deepak.sen22@example.com,2025-08-14 00:00:00,India
C0216,Ashley Sharma,ashley.sharma28@example.com,2025-07-29 00:00:00,France
C0217,Neha Patel,neha.patel70@example.com,2026-02-05 00:00:00,Australia
C0218,Jessica King,jessica.king98@example.com,2025-07-23 00:00:00,United States
C0219,Jessica White,jessica.white58@example.com,2025-06-12 00:00:00,United States
C0220,Priya White,priya.white14@example.com,2025-11-13 00:00:00,India
C0221,Sarah Jones,sarah.jones21@example.com,2025-08-11 00:00:00,Singapore
C0222,Isha Chatterjee,isha.chatterjee31@example.com,2025-12-22 00:00:00,India
C0223,Aditya Gupta,aditya.gupta51@example.com,2026-02-12 00:00:00,India
C0224,Robert Bose,robert.bose65@example.com,2025-03-16 00:00:00,India
C0225,Thomas Martin,thomas.martin97@example.com,2026-02-10 00:00:00,India
C0226,Rohan Singh,rohan.singh88@example.com,2025-07-15 00:00:00,United States
C0227,James Anderson,james.anderson84@example.com,2025-03-15 00:00:00,India
C0228,Emily Mishra,emily.mishra42@example.com,2025-12-08 00:00:00,India
C0229,Ashley Rodriguez,ashley.rodriguez96@example.com,2025-10-07 00:00:00,India
C0230,Richard Roy,richard.roy85@example.com,2025-06-03 00:00:00,United States
C0231,Sandra Miller,sandra.miller68@example.com,2025-06-04 00:00:00,India
C0232,William Taylor,william.taylor23@example.com,2025-05-02 00:00:00,India
C0233,Robert Martin,robert.martin47@example.com,2025-12-25 00:00:00,India
C0234,Lisa Davis,lisa.davis11@example.com,2025-10-17 00:00:00,France
C0235,Ananya Young,ananya.young73@example.com,2025-05-27 00:00:00,Germany
C0236,Vikram Young,vikram.young55@example.com,2025-04-23 00:00:00,United States
C0237,Kiran Miller,kiran.miller96@example.com,2026-01-22 00:00:00,United Kingdom
C0238,Meera Joshi,meera.joshi90@example.com,2025-11-27 00:00:00,India
C0239,Richard Gupta,richard.gupta84@example.com,2025-07-06 00:00:00,United Kingdom
C0240,Diya Rodriguez,diya.rodriguez51@example.com,2026-01-18 00:00:00,United States
C0241,Siddharth Nair,siddharth.nair79@example.com,2025-07-07 00:00:00,United States
C0242,Michael Smith,michael.smith42@example.com,2025-09-04 00:00:00,Australia
C0243,Sarah Sen,sarah.sen24@example.com,2025-08-28 00:00:00,Australia
C0244,Neha Jones,neha.jones96@example.com,2026-01-06 00:00:00,United Kingdom
C0245,Lisa Harris,lisa.harris56@example.com,2025-02-16 00:00:00,Germany
C0246,Aarav Miller,aarav.miller78@example.com,2025-03-05 00:00:00,United States
C0247,Emily Thompson,emily.thompson58@example.com,2025-11-23 00:00:00,Australia
C0248,Isha Jones,isha.jones70@example.com,2025-01-13 00:00:00,United States
C0249,Suresh Kumar,suresh.kumar88@example.com,2025-04-24 00:00:00,United States
C0250,Ashley Martinez,ashley.martinez93@example.com,2025-07-29 00:00:00,India
C0251,Amit Gupta,amit.gupta48@example.com,2025-09-10 00:00:00,India
C0252,James White,james.white27@example.com,2025-07-18 00:00:00,United States
C0253,Anil Mukherjee,anil.mukherjee85@example.com,2026-01-16 00:00:00,United Kingdom
C0254,Thomas Joshi,thomas.joshi72@example.com,2025-11-12 00:00:00,United States
C0255,Michael Gupta,michael.gupta98@example.com,2025-07-09 00:00:00,India
C0256,Richard Garcia,richard.garcia56@example.com,2025-02-20 00:00:00,Singapore
C0257,Karen White,karen.white92@example.com,2025-07-03 00:00:00,India
C0258,Michael Williams,michael.williams25@example.com,2025-08-21 00:00:00,India
C0259,Tanvi Young,tanvi.young12@example.com,2025-01-26 00:00:00,Germany
C0260,James Nair,james.nair82@example.com,2025-04-16 00:00:00,India
C0261,Suresh Brown,suresh.brown85@example.com,2025-04-21 00:00:00,Germany
C0262,Vikram Sen,vikram.sen28@example.com,2026-02-08 00:00:00,Canada
C0263,Aarav Davis,aarav.davis28@example.com,2025-03-08 00:00:00,United States
C0264,Rohan Rao,rohan.rao94@example.com,2025-01-14 00:00:00,India
C0265,Robert Garcia,robert.garcia85@example.com,2025-06-15 00:00:00,India
C0266,Emily Mehta,emily.mehta26@example.com,2026-01-15 00:00:00,United States
C0267,Kabir Patel,kabir.patel70@example.com,2025-08-18 00:00:00,Germany
C0268,Sunita Thompson,sunita.thompson23@example.com,2025-08-20 00:00:00,United States
C0269,Kiran Gupta,kiran.gupta94@example.com,2025-09-24 00:00:00,India
C0270,Aditya Mehta,aditya.mehta71@example.com,2025-07-25 00:00:00,United States
C0271,Isha Anderson,isha.anderson66@example.com,2025-02-07 00:00:00,Canada
C0272,John Young,john.young28@example.com,2025-02-03 00:00:00,India
C0273,Kiran Thompson,kiran.thompson80@example.com,2025-12-31 00:00:00,India
C0274,Sanjay Jackson,sanjay.jackson47@example.com,2025-08-21 00:00:00,United States
C0275,Sandra Joshi,sandra.joshi99@example.com,2025-02-28 00:00:00,France
C0276,Suresh Brown,suresh.brown65@example.com,2025-08-20 00:00:00,Canada
C0277,Thomas Sen,thomas.sen68@example.com,2025-07-24 00:00:00,United States
C0278,Isha Kumar,isha.kumar64@example.com,2025-06-10 00:00:00,United Kingdom
C0279,Karen Reddy,karen.reddy97@example.com,2025-08-31 00:00:00,India
C0280,Diya Singh,diya.singh65@example.com,2025-02-19 00:00:00,United Kingdom
C0281,Karen Nair,karen.nair81@example.com,2025-01-31 00:00:00,United States
C0282,Suresh Harris,suresh.harris52@example.com,2025-12-10 00:00:00,India
C0283,Robert Banerjee,robert.banerjee16@example.com,2025-05-28 00:00:00,United States
C0284,Robert Joshi,robert.joshi83@example.com,2025-09-17 00:00:00,India
C0285,Rajesh Jones,rajesh.jones23@example.com,2025-06-29 00:00:00,France
C0286,Karen Rao,karen.rao45@example.com,2025-10-21 00:00:00,India
C0287,Sandra Harris,sandra.harris89@example.com,2025-11-11 00:00:00,United Kingdom
C0288,Suresh Verma,suresh.verma87@example.com,2025-12-03 00:00:00,Germany
C0289,Michael Verma,michael.verma33@example.com,2025-05-20 00:00:00,United Kingdom
C0290,David Sen,david.sen54@example.com,2025-01-04 00:00:00,India
C0291,Neha Martin,neha.martin94@example.com,2025-07-25 00:00:00,India
C0292,Aditya Singh,aditya.singh77@example.com,2025-04-21 00:00:00,India
C0293,Ashley Sen,ashley.sen30@example.com,2025-07-09 00:00:00,India
C0294,John Martin,john.martin86@example.com,2025-02-13 00:00:00,Canada
C0295,Neha Smith,neha.smith89@example.com,2025-01-26 00:00:00,United Kingdom
C0296,Michael Chatterjee,michael.chatterjee94@example.com,2025-08-06 00:00:00,United States
C0297,Richard Mukherjee,richard.mukherjee44@example.com,2025-04-21 00:00:00,Germany
C0298,Kabir Roy,kabir.roy65@example.com,2025-02-26 00:00:00,India
C0299,Deepak Anderson,deepak.anderson77@example.com,2025-12-08 00:00:00,India
C0300,Vikram Choudhury,vikram.choudhury86@example.com,2025-01-29 00:00:00,India
C0301,David Brown,david.brown27@example.com,2026-01-27 00:00:00,India
C0302,John Rao,john.rao10@example.com,2025-09-12 00:00:00,United Kingdom
C0303,Rohan Nair,rohan.nair58@example.com,2025-09-30 00:00:00,United Kingdom
C0304,Sunita Harris,sunita.harris95@example.com,2026-02-17 00:00:00,India
C0305,Lisa Gupta,lisa.gupta65@example.com,2025-01-10 00:00:00,United States
C0306,Arjun Kumar,arjun.kumar83@example.com,2025-08-08 00:00:00,United States
C0307,Thomas Rodriguez,thomas.rodriguez24@example.com,2025-07-27 00:00:00,India
C0308,John Smith,john.smith89@example.com,2025-08-24 00:00:00,France
C0309,Karen Singh,karen.singh65@example.com,2025-02-24 00:00:00,India
C0310,Deepak Choudhury,deepak.choudhury77@example.com,2025-02-10 00:00:00,India
C0311,David Sen,david.sen38@example.com,2025-06-20 00:00:00,Germany
C0312,Arjun Thomas,arjun.thomas91@example.com,2025-02-28 00:00:00,United States
C0313,Siddharth Roy,siddharth.roy54@example.com,2026-01-08 00:00:00,Australia
C0314,Neha Garcia,neha.garcia23@example.com,2025-03-16 00:00:00,India
C0315,Rohan Young,rohan.young29@example.com,2026-01-25 00:00:00,Germany
C0316,Arjun Johnson,arjun.johnson90@example.com,2025-09-10 00:00:00,United States
C0317,Gita Thompson,gita.thompson67@example.com,2025-12-15 00:00:00,Canada
C0318,Gita King,gita.king51@example.com,2025-11-18 00:00:00,India
C0319,Richard Patel,richard.patel70@example.com,2025-08-15 00:00:00,United States
C0320,Michael Thompson,michael.thompson17@example.com,2025-06-30 00:00:00,United States
C0321,David Mishra,david.mishra67@example.com,2025-01-20 00:00:00,India
C0322,Sarah Patel,sarah.patel92@example.com,2025-02-16 00:00:00,United States
C0323,Sunita Das,sunita.das69@example.com,2025-10-25 00:00:00,United States
C0324,Amit Chatterjee,amit.chatterjee83@example.com,2025-11-30 00:00:00,India
C0325,Sanjay Taylor,sanjay.taylor74@example.com,2025-03-19 00:00:00,Australia
C0326,Richard Joshi,richard.joshi53@example.com,2026-01-01 00:00:00,India
C0327,Rohan Gupta,rohan.gupta41@example.com,2025-12-29 00:00:00,United States
C0328,Richard Jackson,richard.jackson76@example.com,2025-11-09 00:00:00,India
C0329,Karen Rodriguez,karen.rodriguez59@example.com,2025-07-29 00:00:00,Germany
C0330,Sanjay Mehta,sanjay.mehta90@example.com,2025-11-28 00:00:00,India
C0331,Jessica Joshi,jessica.joshi81@example.com,2025-12-14 00:00:00,India
C0332,Emily Young,emily.young29@example.com,2025-06-20 00:00:00,India
C0333,Neha Roy,neha.roy49@example.com,2025-12-02 00:00:00,United Kingdom
C0334,Lisa Nair,lisa.nair86@example.com,2025-12-29 00:00:00,Australia
C0335,David Harris,david.harris58@example.com,2025-11-26 00:00:00,Germany
C0336,Meera Jackson,meera.jackson21@example.com,2025-11-27 00:00:00,United Kingdom
C0337,Sunita Bose,sunita.bose12@example.com,2025-07-05 00:00:00,India
C0338,Tanvi Sen,tanvi.sen72@example.com,2025-04-09 00:00:00,India
C0339,Meera Reddy,meera.reddy19@example.com,2025-06-01 00:00:00,France
C0340,Isha Thomas,isha.thomas79@example.com,2026-01-14 00:00:00,Canada
C0341,Amit Sen,amit.sen89@example.com,2025-03-09 00:00:00,United States
C0342,Neha Smith,neha.smith33@example.com,2025-12-21 00:00:00,Germany
C0343,Pranav Chatterjee,pranav.chatterjee15@example.com,2025-07-30 00:00:00,India
C0344,James Chatterjee,james.chatterjee88@example.com,2025-05-26 00:00:00,Germany
C0345,Richard Jones,richard.jones78@example.com,2025-05-03 00:00:00,India
C0346,Rajesh Williams,rajesh.williams57@example.com,2025-12-14 00:00:00,Australia
C0347,Richard Mishra,richard.mishra46@example.com,2026-02-03 00:00:00,India
C0348,Vijay Mukherjee,vijay.mukherjee30@example.com,2025-04-13 00:00:00,Germany
C0349,Meera Miller,meera.miller16@example.com,2025-11-25 00:00:00,United States
C0350,Karen Harris,karen.harris23@example.com,2025-12-31 00:00:00,France
C0351,Kabir Rodriguez,kabir.rodriguez20@example.com,2026-01-26 00:00:00,India
C0352,Richard Thomas,richard.thomas28@example.com,2025-08-12 00:00:00,India
C0353,Vikram Chatterjee,vikram.chatterjee54@example.com,2025-01-14 00:00:00,United States
C0354,Lisa Thomas,lisa.thomas57@example.com,2025-05-01 00:00:00,India
C0355,Diya Bose,diya.bose38@example.com,2025-01-15 00:00:00,India
C0356,Isha Sen,isha.sen28@example.com,2025-03-12 00:00:00,India
C0357,Rajesh Nair,rajesh.nair70@example.com,2025-08-18 00:00:00,United States
C0358,Diya Verma,diya.verma42@example.com,2025-04-21 00:00:00,France
C0359,Suresh Young,suresh.young77@example.com,2025-08-05 00:00:00,India
C0360,Sarah Garcia,sarah.garcia48@example.com,2025-03-04 00:00:00,India
C0361,Thomas King,thomas.king68@example.com,2025-02-02 00:00:00,India
C0362,Priya Young,priya.young78@example.com,2025-01-09 00:00:00,United States
C0363,Gita Garcia,gita.garcia28@example.com,2025-05-30 00:00:00,United States
C0364,Kiran Roy,kiran.roy40@example.com,2025-10-20 00:00:00,United States
C0365,Diya Jackson,diya.jackson56@example.com,2025-02-04 00:00:00,Australia
C0366,Anil Thomas,anil.thomas74@example.com,2025-10-11 00:00:00,India
C0367,Rajesh Gupta,rajesh.gupta91@example.com,2025-07-18 00:00:00,Singapore
C0368,Emily Verma,emily.verma55@example.com,2026-02-08 00:00:00,India
C0369,James Joshi,james.joshi84@example.com,2026-01-12 00:00:00,Germany
C0370,Meera Gupta,meera.gupta55@example.com,2025-10-07 00:00:00,India
C0371,Rohan Mishra,rohan.mishra99@example.com,2025-09-03 00:00:00,United States
C0372,Meera Patel,meera.patel68@example.com,2025-01-19 00:00:00,India
C0373,Amit Williams,amit.williams15@example.com,2025-06-11 00:00:00,Australia
C0374,Sunita Choudhury,sunita.choudhury79@example.com,2025-08-31 00:00:00,India
C0375,Siddharth Rodriguez,siddharth.rodriguez55@example.com,2026-02-04 00:00:00,India
C0376,Jessica Davis,jessica.davis25@example.com,2026-02-14 00:00:00,India
C0377,Lisa Chatterjee,lisa.chatterjee59@example.com,2025-06-23 00:00:00,Singapore
C0378,Priya Anderson,priya.anderson57@example.com,2026-02-13 00:00:00,United States
C0379,Diya Banerjee,diya.banerjee20@example.com,2025-08-09 00:00:00,United States
C0380,Rohan White,rohan.white47@example.com,2025-06-14 00:00:00,India
C0381,John Rodriguez,john.rodriguez49@example.com,2025-08-17 00:00:00,United States
C0382,Sandra Smith,sandra.smith98@example.com,2025-08-16 00:00:00,India
C0383,Amit Roy,amit.roy88@example.com,2025-08-11 00:00:00,India
C0384,Ananya Patel,ananya.patel95@example.com,2025-11-23 00:00:00,United States
C0385,Sunita Smith,sunita.smith13@example.com,2025-03-15 00:00:00,France
C0386,Richard Gupta,richard.gupta26@example.com,2025-02-04 00:00:00,India
C0387,Karen Bose,karen.bose59@example.com,2025-10-18 00:00:00,India
C0388,Neha Chatterjee,neha.chatterjee57@example.com,2025-07-10 00:00:00,United States
C0389,Arjun Martin,arjun.martin27@example.com,2025-09-29 00:00:00,India
C0390,John Davis,john.davis41@example.com,2025-02-28 00:00:00,India
C0391,Rohan Anderson,rohan.anderson76@example.com,2025-07-18 00:00:00,Canada
C0392,Kabir Miller,kabir.miller43@example.com,2025-12-27 00:00:00,United States
C0393,Kiran Rodriguez,kiran.rodriguez98@example.com,2025-09-09 00:00:00,India
C0394,Meera Patel,meera.patel67@example.com,2025-03-30 00:00:00,Canada
C0395,Richard Singh,richard.singh97@example.com,2025-06-13 00:00:00,United Kingdom
C0396,Arjun Harris,arjun.harris79@example.com,2025-05-29 00:00:00,Canada
C0397,Pranav Johnson,pranav.johnson56@example.com,2025-09-18 00:00:00,India
C0398,Siddharth Nair,siddharth.nair40@example.com,2026-02-09 00:00:00,United States
C0399,Karen Harris,karen.harris83@example.com,2025-07-08 00:00:00,United States
C0400,Suresh Nair,suresh.nair88@example.com,2025-02-14 00:00:00,India
C0401,Lisa Taylor,lisa.taylor77@example.com,2025-07-30 00:00:00,Germany
C0402,Gita Patel,gita.patel26@example.com,2025-06-12 00:00:00,United States
C0403,Richard Mishra,richard.mishra97@example.com,2025-09-22 00:00:00,India
C0404,Suresh Thompson,suresh.thompson33@example.com,2026-01-29 00:00:00,Australia
C0405,Sandra Thomas,sandra.thomas17@example.com,2025-03-05 00:00:00,United States
C0406,David Smith,david.smith30@example.com,2025-06-15 00:00:00,Australia
C0407,Vikram Roy,vikram.roy76@example.com,2025-05-26 00:00:00,France
C0408,Emily Williams,emily.williams91@example.com,2025-10-10 00:00:00,India
C0409,David King,david.king78@example.com,2025-02-17 00:00:00,United States
C0410,Pranav Thompson,pranav.thompson84@example.com,2025-03-20 00:00:00,India
C0411,Kiran Young,kiran.young53@example.com,2025-10-16 00:00:00,India
C0412,Aditya Singh,aditya.singh15@example.com,2025-11-25 00:00:00,Germany
C0413,Emily Brown,emily.brown83@example.com,2025-08-02 00:00:00,United States
C0414,Aditya Anderson,aditya.anderson90@example.com,2025-10-07 00:00:00,India
C0415,David Taylor,david.taylor41@example.com,2026-02-17 00:00:00,Germany
C0416,Lisa Martinez,lisa.martinez68@example.com,2025-02-07 00:00:00,United Kingdom
C0417,Pranav Chatterjee,pranav.chatterjee63@example.com,2025-09-05 00:00:00,United States
C0418,Jessica Young,jessica.young28@example.com,2025-06-10 00:00:00,France
C0419,John Roy,john.roy61@example.com,2025-03-08 00:00:00,Germany
C0420,Sunita Harris,sunita.harris23@example.com,2025-06-13 00:00:00,India
C0421,Kabir Davis,kabir.davis67@example.com,2025-05-07 00:00:00,India
C0422,Ananya Rodriguez,ananya.rodriguez59@example.com,2025-11-12 00:00:00,United States
C0423,Pranav Kumar,pranav.kumar83@example.com,2026-01-05 00:00:00,India
C0424,Pranav Anderson,pranav.anderson75@example.com,2025-08-28 00:00:00,United States
C0425,David Anderson,david.anderson12@example.com,2025-02-16 00:00:00,Australia
C0426,Sunita Mishra,sunita.mishra40@example.com,2025-04-21 00:00:00,United States
C0427,Ananya Mehta,ananya.mehta46@example.com,2025-09-11 00:00:00,United States
C0428,Rajesh Rodriguez,rajesh.rodriguez78@example.com,2025-01-05 00:00:00,France
C0429,Sandra Nair,sandra.nair43@example.com,2026-01-08 00:00:00,India
C0430,Lisa Bose,lisa.bose15@example.com,2025-07-25 00:00:00,India
C0431,Suresh Williams,suresh.williams56@example.com,2025-10-11 00:00:00,India
C0432,William Thomas,william.thomas67@example.com,2026-01-27 00:00:00,United States
C0433,Kiran King,kiran.king25@example.com,2025-03-07 00:00:00,Singapore
C0434,Lisa Bose,lisa.bose53@example.com,2025-10-13 00:00:00,Australia
C0435,Neha Williams,neha.williams87@example.com,2025-09-18 00:00:00,United States
C0436,Amit Gupta,amit.gupta14@example.com,2025-03-12 00:00:00,United Kingdom
C0437,Rajesh Jackson,rajesh.jackson68@example.com,2025-03-18 00:00:00,United States
C0438,Sunita Nair,sunita.nair51@example.com,2025-11-10 00:00:00,India
C0439,Lisa King,lisa.king48@example.com,2025-10-31 00:00:00,India
C0440,Sunita White,sunita.white72@example.com,2025-12-29 00:00:00,United States
C0441,Rajesh Verma,rajesh.verma57@example.com,2025-06-19 00:00:00,United Kingdom
C0442,Thomas Thompson,thomas.thompson49@example.com,2026-02-12 00:00:00,Canada
C0443,Aditya Young,aditya.young70@example.com,2025-05-16 00:00:00,Australia
C0444,Deepak Martin,deepak.martin39@example.com,2026-01-05 00:00:00,India
C0445,Rajesh Smith,rajesh.smith77@example.com,2025-11-19 00:00:00,United Kingdom
C0446,William Reddy,william.reddy97@example.com,2025-05-05 00:00:00,India
C0447,Kabir Williams,kabir.williams12@example.com,2025-08-14 00:00:00,India
C0448,Neha Mukherjee,neha.mukherjee98@example.com,2025-04-15 00:00:00,United States
C0449,Kiran Taylor,kiran.taylor17@example.com,2025-12-28 00:00:00,India
C0450,Tanvi Harris,tanvi.harris51@example.com,2025-12-06 00:00:00,United States
C0451,William Kumar,william.kumar32@example.com,2025-08-24 00:00:00,Canada
C0452,Jessica White,jessica.white55@example.com,2025-12-13 00:00:00,Germany
C0453,Emily King,emily.king71@example.com,2025-04-09 00:00:00,Australia
C0454,Michael Harris,michael.harris48@example.com,2025-04-26 00:00:00,Australia
C0455,David Rodriguez,david.rodriguez36@example.com,2025-12-20 00:00:00,United Kingdom
C0456,John Taylor,john.taylor54@example.com,2025-10-14 00:00:00,Australia
C0457,Michael Rodriguez,michael.rodriguez25@example.com,2025-10-21 00:00:00,United Kingdom
C0458,William Choudhury,william.choudhury54@example.com,2026-01-31 00:00:00,Germany
C0459,Sarah Gupta,sarah.gupta46@example.com,2026-01-01 00:00:00,India
C0460,Richard Miller,richard.miller71@example.com,2025-04-20 00:00:00,India
C0461,Anil Davis,anil.davis81@example.com,2025-12-23 00:00:00,India
C0462,Isha King,isha.king85@example.com,2025-05-03 00:00:00,India
C0463,Vijay Jones,vijay.jones91@example.com,2025-04-30 00:00:00,India
C0464,Thomas Sen,thomas.sen70@example.com,2025-02-21 00:00:00,United Kingdom
C0465,Meera Sharma,meera.sharma80@example.com,2025-03-22 00:00:00,United States
C0466,Rajesh Taylor,rajesh.taylor93@example.com,2025-04-13 00:00:00,Germany
C0467,Sarah Kumar,sarah.kumar46@example.com,2025-11-27 00:00:00,India
C0468,Diya Martin,diya.martin39@example.com,2025-10-01 00:00:00,United Kingdom
C0469,Amit Johnson,amit.johnson63@example.com,2025-04-01 00:00:00,Australia
C0470,Amit Choudhury,amit.choudhury73@example.com,2025-04-06 00:00:00,Australia
C0471,Sarah Gupta,sarah.gupta11@example.com,2025-06-02 00:00:00,United States
C0472,Isha Sen,isha.sen46@example.com,2025-08-21 00:00:00,Singapore
C0473,Anil Jackson,anil.jackson73@example.com,2025-03-10 00:00:00,France
C0474,Ashley Davis,ashley.davis34@example.com,2026-02-19 00:00:00,India
C0475,Pranav Mishra,pranav.mishra92@example.com,2025-05-12 00:00:00,United Kingdom
C0476,Aarav Sen,aarav.sen47@example.com,2025-10-18 00:00:00,United Kingdom
C0477,Siddharth Johnson,siddharth.johnson88@example.com,2025-11-24 00:00:00,Canada
C0478,Sandra Thomas,sandra.thomas51@example.com,2025-02-14 00:00:00,United States
C0479,Isha Johnson,isha.johnson27@example.com,2025-09-02 00:00:00,India
C0480,James Sharma,james.sharma43@example.com,2025-07-16 00:00:00,India
C0481,Michael Sen,michael.sen48@example.com,2025-10-26 00:00:00,United Kingdom
C0482,Aarav Miller,aarav.miller93@example.com,2025-07-04 00:00:00,United Kingdom
C0483,Ananya Rao,ananya.rao69@example.com,2025-06-07 00:00:00,India
C0484,Sunita Martinez,sunita.martinez98@example.com,2025-03-02 00:00:00,United States
C0485,Sarah Bose,sarah.bose88@example.com,2025-04-24 00:00:00,India
C0486,Meera Taylor,meera.taylor29@example.com,2025-08-21 00:00:00,United Kingdom
C0487,Sanjay Bose,sanjay.bose63@example.com,2025-12-26 00:00:00,United States
C0488,Rajesh White,rajesh.white95@example.com,2025-04-22 00:00:00,Germany
C0489,Sanjay Singh,sanjay.singh77@example.com,2025-08-17 00:00:00,United States
C0490,Karen Patel,karen.patel82@example.com,2025-02-27 00:00:00,India
C0491,Suresh Thomas,suresh.thomas35@example.com,2025-10-21 00:00:00,United States
C0492,Pranav Kumar,pranav.kumar76@example.com,2025-08-15 00:00:00,India
C0493,Tanvi Thompson,tanvi.thompson72@example.com,2025-02-16 00:00:00,Canada
C0494,Richard Mehta,richard.mehta68@example.com,2025-03-09 00:00:00,United States
C0495,Ashley Martin,ashley.martin17@example.com,2025-10-14 00:00:00,United States
C0496,David Verma,david.verma60@example.com,2025-05-11 00:00:00,Germany
C0497,Tanvi Thompson,tanvi.thompson19@example.com,2025-01-24 00:00:00,United States
C0498,Arjun White,arjun.white17@example.com,2025-02-05 00:00:00,Singapore
C0499,Rajesh Gupta,rajesh.gupta46@example.com,2025-07-29 00:00:00,India
C0500,Meera Mukherjee,meera.mukherjee57@example.com,2025-07-15 00:00:00,United States
C0501,William Das,william.das20@example.com,2025-12-16 00:00:00,Australia
C0502,Anil Nair,anil.nair93@example.com,2025-06-28 00:00:00,India
C0503,Anil Choudhury,anil.choudhury77@example.com,2025-03-07 00:00:00,United Kingdom
C0504,Vikram Sharma,vikram.sharma12@example.com,2025-06-02 00:00:00,United States
C0505,Anil Banerjee,anil.banerjee78@example.com,2025-07-14 00:00:00,Germany
C0506,James Mishra,james.mishra54@example.com,2025-03-21 00:00:00,India
C0507,Kabir Gupta,kabir.gupta94@example.com,2025-08-03 00:00:00,United States
C0508,Aditya Garcia,aditya.garcia36@example.com,2025-02-04 00:00:00,India
C0509,Amit Chatterjee,amit.chatterjee86@example.com,2025-12-11 00:00:00,United Kingdom
C0510,Ananya Garcia,ananya.garcia15@example.com,2025-07-25 00:00:00,United States
C0511,Anil Brown,anil.brown17@example.com,2025-03-13 00:00:00,United States
C0512,Sarah Jones,sarah.jones83@example.com,2025-06-13 00:00:00,United States
C0513,John Garcia,john.garcia48@example.com,2025-03-15 00:00:00,Singapore
C0514,Vijay Jones,vijay.jones62@example.com,2025-06-03 00:00:00,India
C0515,Suresh Thompson,suresh.thompson32@example.com,2025-11-17 00:00:00,United Kingdom
C0516,Suresh Anderson,suresh.anderson16@example.com,2025-06-26 00:00:00,Australia
C0517,William Jackson,william.jackson50@example.com,2025-12-23 00:00:00,United States
C0518,Neha Martinez,neha.martinez58@example.com,2025-04-05 00:00:00,Germany
C0519,Rajesh Garcia,rajesh.garcia38@example.com,2025-06-03 00:00:00,France
C0520,Neha Mishra,neha.mishra17@example.com,2025-10-15 00:00:00,United States
C0521,Thomas Harris,thomas.harris77@example.com,2025-03-10 00:00:00,India
C0522,Emily Brown,emily.brown52@example.com,2025-11-28 00:00:00,India
C0523,Richard Bose,richard.bose21@example.com,2025-10-02 00:00:00,United Kingdom
C0524,Siddharth Mehta,siddharth.mehta44@example.com,2025-07-13 00:00:00,United Kingdom
C0525,Sanjay Gupta,sanjay.gupta19@example.com,2025-04-07 00:00:00,Germany
C0526,Deepak Harris,deepak.harris37@example.com,2025-09-03 00:00:00,India
C0527,Jessica Martinez,jessica.martinez11@example.com,2025-04-19 00:00:00,Australia
C0528,Kabir Taylor,kabir.taylor41@example.com,2025-12-23 00:00:00,United States
C0529,Tanvi Choudhury,tanvi.choudhury40@example.com,2025-10-10 00:00:00,India
C0530,Sarah Das,sarah.das69@example.com,2025-10-01 00:00:00,United States
C0531,David Miller,david.miller56@example.com,2025-09-20 00:00:00,Canada
C0532,Ashley Joshi,ashley.joshi70@example.com,2026-01-25 00:00:00,France
C0533,Tanvi Bose,tanvi.bose50@example.com,2025-07-31 00:00:00,India
C0534,Vikram Reddy,vikram.reddy12@example.com,2025-05-14 00:00:00,United States
C0535,Deepak Thompson,deepak.thompson63@example.com,2025-06-01 00:00:00,India
C0536,Jessica Jones,jessica.jones58@example.com,2025-10-19 00:00:00,France
C0537,Priya Harris,priya.harris93@example.com,2025-12-17 00:00:00,India
C0538,Priya Anderson,priya.anderson68@example.com,2025-03-28 00:00:00,United Kingdom
C0539,Robert Smith,robert.smith27@example.com,2026-01-04 00:00:00,United States
C0540,Rohan White,rohan.white92@example.com,2025-01-31 00:00:00,United States
C0541,Arjun Mehta,arjun.mehta10@example.com,2025-07-31 00:00:00,India
C0542,Vikram Patel,vikram.patel29@example.com,2025-01-05 00:00:00,India
C0543,Ashley Bose,ashley.bose17@example.com,2025-11-13 00:00:00,United States
C0544,Kiran Taylor,kiran.taylor94@example.com,2025-09-07 00:00:00,India
C0545,Anil Harris,anil.harris62@example.com,2025-01-07 00:00:00,India
C0546,Michael White,michael.white46@example.com,2025-01-09 00:00:00,United States
C0547,Sandra Johnson,sandra.johnson23@example.com,2025-02-19 00:00:00,United States
C0548,James Williams,james.williams89@example.com,2025-09-27 00:00:00,India
C0549,Robert Davis,robert.davis60@example.com,2025-02-10 00:00:00,India
C0550,Lisa Mishra,lisa.mishra82@example.com,2025-05-05 00:00:00,Singapore
C0551,Vikram Martinez,vikram.martinez97@example.com,2025-02-11 00:00:00,United Kingdom
C0552,Amit Singh,amit.singh61@example.com,2025-07-14 00:00:00,India
C0553,Rajesh Mehta,rajesh.mehta91@example.com,2025-01-05 00:00:00,United Kingdom
C0554,Diya Anderson,diya.anderson65@example.com,2025-11-27 00:00:00,Germany
C0555,Gita Joshi,gita.joshi77@example.com,2025-01-22 00:00:00,India
C0556,Gita Taylor,gita.taylor44@example.com,2025-01-24 00:00:00,Canada
C0557,Michael White,michael.white82@example.com,2025-12-03 00:00:00,India
C0558,John Verma,john.verma36@example.com,2025-10-28 00:00:00,India
C0559,Lisa Patel,lisa.patel48@example.com,2025-03-25 00:00:00,United States
C0560,Gita Das,gita.das96@example.com,2025-10-04 00:00:00,India
C0561,Meera Singh,meera.singh74@example.com,2026-01-17 00:00:00,Singapore
C0562,Ananya Joshi,ananya.joshi65@example.com,2025-04-29 00:00:00,France
C0563,Jessica Young,jessica.young88@example.com,2025-11-01 00:00:00,India
C0564,John Verma,john.verma91@example.com,2025-05-20 00:00:00,Germany
C0565,Richard Anderson,richard.anderson39@example.com,2025-07-02 00:00:00,United States
C0566,William Banerjee,william.banerjee33@example.com,2025-12-15 00:00:00,United States
C0567,William Singh,william.singh89@example.com,2025-06-01 00:00:00,Germany
C0568,Arjun Singh,arjun.singh44@example.com,2025-03-20 00:00:00,India
C0569,Neha Das,neha.das50@example.com,2025-07-04 00:00:00,India
C0570,Aarav Martinez,aarav.martinez66@example.com,2025-07-04 00:00:00,Germany
C0571,Isha Nair,isha.nair21@example.com,2025-04-06 00:00:00,United States
C0572,Suresh Harris,suresh.harris75@example.com,2025-07-28 00:00:00,India
C0573,Diya Roy,diya.roy80@example.com,2025-02-17 00:00:00,United States
C0574,John Das,john.das11@example.com,2025-05-30 00:00:00,United States
C0575,Diya Harris,diya.harris41@example.com,2025-10-20 00:00:00,United States
C0576,William Smith,william.smith27@example.com,2025-05-18 00:00:00,India
C0577,Priya Reddy,priya.reddy18@example.com,2025-03-27 00:00:00,United States
C0578,Thomas Martinez,thomas.martinez71@example.com,2026-02-05 00:00:00,India
C0579,Emily Garcia,emily.garcia90@example.com,2025-09-11 00:00:00,United States
C0580,Siddharth Mishra,siddharth.mishra23@example.com,2025-03-11 00:00:00,India
C0581,Lisa Sen,lisa.sen89@example.com,2025-07-14 00:00:00,Germany
C0582,Jessica Chatterjee,jessica.chatterjee52@example.com,2025-08-09 00:00:00,Germany
C0583,Sanjay Nair,sanjay.nair48@example.com,2025-06-14 00:00:00,United States
C0584,Siddharth Taylor,siddharth.taylor50@example.com,2025-04-01 00:00:00,Australia
C0585,John Rodriguez,john.rodriguez98@example.com,2025-11-21 00:00:00,United States
C0586,Gita Garcia,gita.garcia51@example.com,2025-07-12 00:00:00,India
C0587,Lisa Bose,lisa.bose24@example.com,2025-10-16 00:00:00,India
C0588,Anil Johnson,anil.johnson97@example.com,2026-01-29 00:00:00,United States
C0589,Ashley Brown,ashley.brown66@example.com,2026-02-13 00:00:00,India
C0590,Arjun Mukherjee,arjun.mukherjee96@example.com,2025-09-13 00:00:00,India
C0591,David Garcia,david.garcia42@example.com,2025-12-04 00:00:00,India
C0592,Sandra Das,sandra.das19@example.com,2025-08-18 00:00:00,Singapore
C0593,Rajesh Thompson,rajesh.thompson61@example.com,2025-10-01 00:00:00,United States
C0594,Thomas White,thomas.white14@example.com,2026-02-09 00:00:00,Australia
C0595,Anil Young,anil.young91@example.com,2025-02-13 00:00:00,India
C0596,James Roy,james.roy31@example.com,2025-11-28 00:00:00,United States
C0597,Gita Choudhury,gita.choudhury52@example.com,2026-02-12 00:00:00,United States
C0598,Aarav Joshi,aarav.joshi43@example.com,2025-04-24 00:00:00,United States
C0599,Vijay Harris,vijay.harris84@example.com,2025-12-19 00:00:00,United States
C0600,Richard Bose,richard.bose60@example.com,2025-08-26 00:00:00,Germany
C0601,Deepak Thomas,deepak.thomas29@example.com,2025-06-26 00:00:00,Singapore
C0602,Rajesh Joshi,rajesh.joshi47@example.com,2025-08-01 00:00:00,Canada
C0603,Diya Rao,diya.rao28@example.com,2025-06-28 00:00:00,India
C0604,Ashley Brown,ashley.brown76@example.com,2025-09-05 00:00:00,India
C0605,Isha Chatterjee,isha.chatterjee99@example.com,2025-08-20 00:00:00,India
C0606,David Gupta,david.gupta24@example.com,2025-01-12 00:00:00,France
C0607,Isha Smith,isha.smith41@example.com,2025-09-22 00:00:00,India
C0608,Pranav Sen,pranav.sen81@example.com,2025-08-07 00:00:00,Australia
C0609,Vikram Choudhury,vikram.choudhury90@example.com,2025-04-05 00:00:00,India
C0610,Sandra Choudhury,sandra.choudhury13@example.com,2026-01-13 00:00:00,United States
C0611,Siddharth Chatterjee,siddharth.chatterjee85@example.com,2025-08-08 00:00:00,India
C0612,Tanvi Brown,tanvi.brown45@example.com,2026-01-21 00:00:00,United Kingdom
C0613,Arjun Martin,arjun.martin23@example.com,2026-02-14 00:00:00,France
C0614,Rohan Bose,rohan.bose51@example.com,2025-04-11 00:00:00,United States
C0615,Emily Anderson,emily.anderson77@example.com,2025-11-24 00:00:00,India
C0616,William King,william.king60@example.com,2025-10-28 00:00:00,India
C0617,Robert Mishra,robert.mishra89@example.com,2025-03-30 00:00:00,Germany
C0618,David King,david.king85@example.com,2025-02-13 00:00:00,United Kingdom
C0619,John Rao,john.rao40@example.com,2025-06-06 00:00:00,India
C0620,Karen Reddy,karen.reddy75@example.com,2025-07-18 00:00:00,United States
C0621,Meera Martin,meera.martin59@example.com,2025-08-05 00:00:00,India
C0622,Anil Johnson,anil.johnson81@example.com,2025-03-27 00:00:00,United States
C0623,Meera Johnson,meera.johnson50@example.com,2025-08-19 00:00:00,United States
C0624,Robert Sharma,robert.sharma72@example.com,2025-03-11 00:00:00,India
C0625,William Harris,william.harris74@example.com,2025-12-01 00:00:00,United States
C0626,Priya Mukherjee,priya.mukherjee66@example.com,2025-09-08 00:00:00,India
C0627,Gita Verma,gita.verma38@example.com,2025-05-30 00:00:00,India
C0628,Vikram White,vikram.white46@example.com,2025-03-28 00:00:00,Germany
C0629,Gita Anderson,gita.anderson80@example.com,2025-09-19 00:00:00,India
C0630,Kabir Davis,kabir.davis79@example.com,2025-07-07 00:00:00,United States
C0631,Amit Chatterjee,amit.chatterjee79@example.com,2025-04-22 00:00:00,Singapore
C0632,Isha Garcia,isha.garcia48@example.com,2025-01-17 00:00:00,United States
C0633,Robert Singh,robert.singh66@example.com,2025-03-02 00:00:00,Germany
C0634,James Brown,james.brown85@example.com,2025-12-19 00:00:00,India
C0635,Kiran Banerjee,kiran.banerjee31@example.com,2025-11-12 00:00:00,India
C0636,Tanvi Brown,tanvi.brown17@example.com,2025-10-19 00:00:00,India
C0637,Michael Young,michael.young78@example.com,2025-03-28 00:00:00,India
C0638,Sarah Rodriguez,sarah.rodriguez83@example.com,2025-05-17 00:00:00,Australia
C0639,Sunita Joshi,sunita.joshi27@example.com,2026-01-20 00:00:00,Germany
C0640,Ananya Davis,ananya.davis93@example.com,2025-03-06 00:00:00,United Kingdom
C0641,Meera Garcia,meera.garcia28@example.com,2025-12-31 00:00:00,India
C0642,James Choudhury,james.choudhury72@example.com,2025-03-14 00:00:00,United States
C0643,Michael Mukherjee,michael.mukherjee58@example.com,2025-08-20 00:00:00,India
C0644,Diya Choudhury,diya.choudhury75@example.com,2026-01-19 00:00:00,India
C0645,Karen Mishra,karen.mishra72@example.com,2025-06-17 00:00:00,United States
C0646,Diya Mishra,diya.mishra91@example.com,2025-12-07 00:00:00,United Kingdom
C0647,Arjun White,arjun.white60@example.com,2025-04-22 00:00:00,Australia
C0648,Tanvi Anderson,tanvi.anderson44@example.com,2025-06-15 00:00:00,Germany
C0649,Jessica Harris,jessica.harris83@example.com,2025-03-08 00:00:00,United States
C0650,Priya Sen,priya.sen97@example.com,2026-01-26 00:00:00,India
C0651,Isha Mishra,isha.mishra12@example.com,2025-03-05 00:00:00,Canada
C0652,Pranav Chatterjee,pranav.chatterjee68@example.com,2025-01-01 00:00:00,Singapore
C0653,Sandra Williams,sandra.williams98@example.com,2025-03-09 00:00:00,Canada
C0654,David Smith,david.smith45@example.com,2025-02-17 00:00:00,United Kingdom
C0655,Emily Singh,emily.singh57@example.com,2025-12-07 00:00:00,Canada
C0656,Pranav Mehta,pranav.mehta60@example.com,2025-11-17 00:00:00,India
C0657,Vikram Banerjee,vikram.banerjee93@example.com,2025-02-16 00:00:00,United Kingdom
C0658,Aarav Brown,aarav.brown71@example.com,2025-02-09 00:00:00,India
C0659,Vikram Jackson,vikram.jackson97@example.com,2025-08-16 00:00:00,India
C0660,Jessica Rao,jessica.rao64@example.com,2025-12-22 00:00:00,India
C0661,Arjun Jones,arjun.jones59@example.com,2025-02-15 00:00:00,United Kingdom
C0662,Isha Joshi,isha.joshi50@example.com,2025-07-08 00:00:00,Canada
C0663,Meera Das,meera.das27@example.com,2025-11-25 00:00:00,Singapore
C0664,Neha Patel,neha.patel77@example.com,2025-10-16 00:00:00,India
C0665,Pranav Chatterjee,pranav.chatterjee54@example.com,2026-01-05 00:00:00,India
C0666,Neha Mukherjee,neha.mukherjee88@example.com,2025-12-18 00:00:00,United States
C0667,Tanvi Singh,tanvi.singh22@example.com,2025-03-13 00:00:00,Germany
C0668,Deepak Das,deepak.das54@example.com,2025-08-08 00:00:00,India
C0669,Meera Garcia,meera.garcia45@example.com,2025-11-27 00:00:00,India
C0670,Suresh Young,suresh.young86@example.com,2026-01-05 00:00:00,United States
C0671,Aditya Martinez,aditya.martinez36@example.com,2025-09-23 00:00:00,United States
C0672,Siddharth Choudhury,siddharth.choudhury47@example.com,2025-11-27 00:00:00,India
C0673,James Anderson,james.anderson59@example.com,2025-02-27 00:00:00,India
C0674,Sanjay Patel,sanjay.patel77@example.com,2025-01-07 00:00:00,Singapore
C0675,John Nair,john.nair59@example.com,2025-10-19 00:00:00,United States
C0676,Anil Johnson,anil.johnson70@example.com,2026-01-30 00:00:00,India
C0677,Deepak Patel,deepak.patel11@example.com,2025-05-15 00:00:00,India
C0678,Ananya Choudhury,ananya.choudhury74@example.com,2025-05-27 00:00:00,United States
C0679,Sunita Mukherjee,sunita.mukherjee64@example.com,2025-12-26 00:00:00,United States
C0680,Anil White,anil.white88@example.com,2025-03-20 00:00:00,India
C0681,David Singh,david.singh75@example.com,2025-04-15 00:00:00,Singapore
C0682,Neha White,neha.white51@example.com,2025-07-20 00:00:00,United States
C0683,Arjun Martinez,arjun.martinez99@example.com,2025-08-12 00:00:00,United Kingdom
C0684,James Mehta,james.mehta41@example.com,2025-02-14 00:00:00,Canada
C0685,Kabir Mishra,kabir.mishra88@example.com,2025-11-08 00:00:00,India
C0686,Rohan Rao,rohan.rao11@example.com,2025-12-29 00:00:00,India
C0687,Aarav Smith,aarav.smith73@example.com,2025-06-27 00:00:00,United States
C0688,Emily Smith,emily.smith57@example.com,2025-03-06 00:00:00,United Kingdom
C0689,Michael Rao,michael.rao13@example.com,2025-06-21 00:00:00,Germany
C0690,Michael Jackson,michael.jackson18@example.com,2025-05-15 00:00:00,United Kingdom
C0691,Gita Patel,gita.patel73@example.com,2025-08-22 00:00:00,United States
C0692,Ananya Anderson,ananya.anderson82@example.com,2025-03-27 00:00:00,India
C0693,Emily Joshi,emily.joshi83@example.com,2025-12-12 00:00:00,United Kingdom
C0694,Vikram Thomas,vikram.thomas10@example.com,2025-01-23 00:00:00,France
C0695,Aarav Garcia,aarav.garcia15@example.com,2025-08-30 00:00:00,India
C0696,Neha Johnson,neha.johnson14@example.com,2025-10-11 00:00:00,Germany
C0697,Thomas Jones,thomas.jones51@example.com,2025-05-08 00:00:00,United States
C0698,John Davis,john.davis19@example.com,2025-10-20 00:00:00,India
C0699,Sunita Mehta,sunita.mehta32@example.com,2025-04-25 00:00:00,Germany
C0700,Amit Choudhury,amit.choudhury18@example.com,2025-08-27 00:00:00,France
C0701,David Kumar,david.kumar21@example.com,2025-10-11 00:00:00,United States
C0702,Karen Williams,karen.williams47@example.com,2025-10-16 00:00:00,Germany
C0703,Kiran Garcia,kiran.garcia69@example.com,2025-07-08 00:00:00,United States
C0704,Priya Williams,priya.williams79@example.com,2026-01-25 00:00:00,Germany
C0705,Neha Sharma,neha.sharma62@example.com,2025-01-13 00:00:00,India
C0706,Robert Sharma,robert.sharma52@example.com,2025-01-01 00:00:00,Germany
C0707,William Martinez,william.martinez23@example.com,2025-04-16 00:00:00,United States
C0708,James Mukherjee,james.mukherjee72@example.com,2025-01-31 00:00:00,Singapore
C0709,Neha Davis,neha.davis21@example.com,2025-01-23 00:00:00,Canada
C0710,Vijay Mukherjee,vijay.mukherjee99@example.com,2025-07-10 00:00:00,United States
C0711,Diya Thompson,diya.thompson22@example.com,2025-09-16 00:00:00,India
C0712,Lisa Patel,lisa.patel85@example.com,2025-10-18 00:00:00,India
C0713,Meera Garcia,meera.garcia47@example.com,2025-05-14 00:00:00,France
C0714,Lisa Kumar,lisa.kumar50@example.com,2025-08-20 00:00:00,India
C0715,Arjun Williams,arjun.williams27@example.com,2026-02-04 00:00:00,Germany
C0716,Isha Reddy,isha.reddy23@example.com,2025-03-26 00:00:00,United States
C0717,John Mukherjee,john.mukherjee25@example.com,2025-10-02 00:00:00,India
C0718,Tanvi Chatterjee,tanvi.chatterjee49@example.com,2025-08-26 00:00:00,India
C0719,Kabir Singh,kabir.singh30@example.com,2026-02-18 00:00:00,United Kingdom
C0720,Sanjay Gupta,sanjay.gupta37@example.com,2025-06-17 00:00:00,India
C0721,James Roy,james.roy60@example.com,2025-09-20 00:00:00,India
C0722,David Miller,david.miller32@example.com,2025-01-16 00:00:00,Australia
C0723,Richard Harris,richard.harris80@example.com,2025-05-08 00:00:00,India
C0724,Isha Nair,isha.nair25@example.com,2025-01-07 00:00:00,India
C0725,Vikram Nair,vikram.nair35@example.com,2025-07-25 00:00:00,India
C0726,Diya Thompson,diya.thompson85@example.com,2025-05-13 00:00:00,Canada
C0727,Arjun Verma,arjun.verma18@example.com,2025-04-12 00:00:00,Canada
C0728,Richard Nair,richard.nair21@example.com,2026-02-19 00:00:00,India
C0729,Amit Mishra,amit.mishra16@example.com,2025-03-28 00:00:00,Canada
C0730,Sandra Choudhury,sandra.choudhury73@example.com,2025-01-16 00:00:00,India
C0731,Sandra Johnson,sandra.johnson55@example.com,2025-04-20 00:00:00,Canada
C0732,Michael Davis,michael.davis67@example.com,2025-03-18 00:00:00,India
C0733,Kiran King,kiran.king41@example.com,2025-11-28 00:00:00,India
C0734,Thomas Harris,thomas.harris71@example.com,2025-02-01 00:00:00,India
C0735,William Nair,william.nair63@example.com,2025-04-13 00:00:00,United States
C0736,Vijay Garcia,vijay.garcia90@example.com,2026-02-15 00:00:00,United States
C0737,Aditya Das,aditya.das55@example.com,2025-09-03 00:00:00,United States
C0738,Priya Roy,priya.roy82@example.com,2025-09-15 00:00:00,India
C0739,Michael Johnson,michael.johnson13@example.com,2025-06-13 00:00:00,United States
C0740,Aditya Davis,aditya.davis17@example.com,2026-02-19 00:00:00,Singapore
C0741,Vijay Roy,vijay.roy84@example.com,2025-04-30 00:00:00,Singapore
C0742,Isha Garcia,isha.garcia94@example.com,2025-05-04 00:00:00,India
C0743,Ananya Jones,ananya.jones83@example.com,2026-02-13 00:00:00,India
C0744,Rohan Johnson,rohan.johnson40@example.com,2025-10-31 00:00:00,India
C0745,Robert Thompson,robert.thompson13@example.com,2025-12-27 00:00:00,United Kingdom
C0746,Gita Martin,gita.martin28@example.com,2025-10-16 00:00:00,Australia
C0747,Priya White,priya.white49@example.com,2025-03-31 00:00:00,United States
C0748,Diya Mehta,diya.mehta39@example.com,2025-11-05 00:00:00,India
C0749,Vijay Taylor,vijay.taylor10@example.com,2025-06-19 00:00:00,Canada
C0750,Siddharth Nair,siddharth.nair53@example.com,2026-01-03 00:00:00,India
C0751,John Mehta,john.mehta12@example.com,2025-03-17 00:00:00,United States
C0752,Neha Rao,neha.rao77@example.com,2025-07-06 00:00:00,Australia
C0753,Karen Choudhury,karen.choudhury85@example.com,2025-02-21 00:00:00,India
C0754,John Nair,john.nair30@example.com,2026-01-10 00:00:00,Australia
C0755,Priya Kumar,priya.kumar32@example.com,2025-12-29 00:00:00,Australia
C0756,Kiran Roy,kiran.roy38@example.com,2025-12-07 00:00:00,United States
C0757,Rohan Das,rohan.das49@example.com,2026-01-11 00:00:00,United Kingdom
C0758,Meera Johnson,meera.johnson10@example.com,2025-12-26 00:00:00,Australia
C0759,Lisa Martin,lisa.martin14@example.com,2025-04-04 00:00:00,United States
C0760,Kiran Jones,kiran.jones91@example.com,2025-10-17 00:00:00,India
C0761,Priya Reddy,priya.reddy52@example.com,2026-01-17 00:00:00,India
C0762,Robert Kumar,robert.kumar31@example.com,2025-11-22 00:00:00,Canada
C0763,Diya Sen,diya.sen67@example.com,2025-01-06 00:00:00,India
C0764,James Patel,james.patel54@example.com,2025-05-12 00:00:00,Germany
C0765,Aarav Mehta,aarav.mehta59@example.com,2025-08-13 00:00:00,United Kingdom
C0766,Pranav Mukherjee,pranav.mukherjee73@example.com,2025-07-13 00:00:00,India
C0767,William Joshi,william.joshi71@example.com,2026-02-08 00:00:00,France
C0768,Vikram Smith,vikram.smith67@example.com,2025-02-07 00:00:00,Germany
C0769,Amit Rodriguez,amit.rodriguez12@example.com,2025-06-13 00:00:00,India
C0770,Isha Patel,isha.patel53@example.com,2025-03-29 00:00:00,Canada
C0771,Pranav Patel,pranav.patel80@example.com,2025-02-17 00:00:00,India
C0772,Kiran Taylor,kiran.taylor13@example.com,2025-08-09 00:00:00,Australia
C0773,Pranav Young,pranav.young65@example.com,2025-03-22 00:00:00,India
C0774,Jessica Brown,jessica.brown34@example.com,2025-07-29 00:00:00,United Kingdom
C0775,Anil Miller,anil.miller94@example.com,2025-05-25 00:00:00,India
C0776,Isha Mehta,isha.mehta60@example.com,2025-10-20 00:00:00,United States
C0777,Priya Reddy,priya.reddy16@example.com,2025-07-04 00:00:00,India
C0778,Diya Rodriguez,diya.rodriguez94@example.com,2025-11-17 00:00:00,United States
C0779,Siddharth Joshi,siddharth.joshi13@example.com,2025-04-16 00:00:00,India
C0780,Sarah Singh,sarah.singh70@example.com,2025-03-01 00:00:00,India
C0781,Lisa Taylor,lisa.taylor72@example.com,2025-12-05 00:00:00,India
C0782,Anil Das,anil.das33@example.com,2025-07-09 00:00:00,Canada
C0783,Karen Johnson,karen.johnson67@example.com,2025-01-23 00:00:00,India
C0784,Ashley Miller,ashley.miller38@example.com,2025-05-18 00:00:00,United States
C0785,Neha Joshi,neha.joshi20@example.com,2025-12-09 00:00:00,India
C0786,Anil Mukherjee,anil.mukherjee85@example.com,2025-04-27 00:00:00,United States
C0787,William Jackson,william.jackson63@example.com,2025-10-02 00:00:00,United Kingdom
C0788,Rajesh Martin,rajesh.martin40@example.com,2025-09-01 00:00:00,India
C0789,Lisa Gupta,lisa.gupta74@example.com,2025-10-20 00:00:00,Canada
C0790,Gita King,gita.king28@example.com,2025-03-03 00:00:00,Australia
C0791,Richard Johnson,richard.johnson31@example.com,2025-04-19 00:00:00,Germany
C0792,Meera Gupta,meera.gupta64@example.com,2025-02-10 00:00:00,Singapore
C0793,Sandra Williams,sandra.williams90@example.com,2025-03-17 00:00:00,France
C0794,Emily Kumar,emily.kumar18@example.com,2025-02-14 00:00:00,India
C0795,Lisa Harris,lisa.harris51@example.com,2025-05-22 00:00:00,United States
C0796,Aarav King,aarav.king85@example.com,2025-09-25 00:00:00,Germany
C0797,Kabir Mukherjee,kabir.mukherjee29@example.com,2025-03-17 00:00:00,United States
C0798,Deepak Joshi,deepak.joshi23@example.com,2025-10-16 00:00:00,Germany
C0799,Sarah White,sarah.white54@example.com,2025-07-30 00:00:00,India
C0800,Priya Martin,priya.martin87@example.com,2025-08-31 00:00:00,India
C0801,Michael Choudhury,michael.choudhury28@example.com,2025-11-13 00:00:00,United States
C0802,Lisa Gupta,lisa.gupta60@example.com,2025-06-19 00:00:00,United Kingdom
C0803,Ananya Taylor,ananya.taylor44@example.com,2025-07-10 00:00:00,India
C0804,David Martinez,david.martinez45@example.com,2025-09-09 00:00:00,France
C0805,Isha Jones,isha.jones27@example.com,2025-06-03 00:00:00,Singapore
C0806,Richard Kumar,richard.kumar44@example.com,2026-01-09 00:00:00,United States
C0807,Diya Williams,diya.williams66@example.com,2025-04-19 00:00:00,Canada
C0808,Thomas Anderson,thomas.anderson76@example.com,2025-07-11 00:00:00,Germany
C0809,Sunita Smith,sunita.smith18@example.com,2025-06-09 00:00:00,United Kingdom
C0810,Lisa Nair,lisa.nair77@example.com,2025-10-19 00:00:00,India
C0811,Siddharth Williams,siddharth.williams17@example.com,2025-05-08 00:00:00,India
C0812,Ananya Bose,ananya.bose35@example.com,2025-05-21 00:00:00,India
C0813,Ashley Thomas,ashley.thomas60@example.com,2025-11-22 00:00:00,Canada
C0814,Aditya Garcia,aditya.garcia57@example.com,2025-09-08 00:00:00,United States
C0815,Rohan Taylor,rohan.taylor85@example.com,2025-10-10 00:00:00,India
C0816,Pranav Miller,pranav.miller98@example.com,2025-02-16 00:00:00,India
C0817,William Mehta,william.mehta30@example.com,2025-10-20 00:00:00,Germany
C0818,Tanvi Jones,tanvi.jones92@example.com,2025-04-26 00:00:00,United Kingdom
C0819,Michael Mukherjee,michael.mukherjee75@example.com,2025-01-11 00:00:00,France
C0820,Aarav Taylor,aarav.taylor26@example.com,2025-11-28 00:00:00,India
C0821,Aarav Jones,aarav.jones42@example.com,2025-11-08 00:00:00,Germany
C0822,David Davis,david.davis64@example.com,2025-07-12 00:00:00,France
C0823,Ashley Miller,ashley.miller37@example.com,2025-08-27 00:00:00,India
C0824,Vijay King,vijay.king60@example.com,2025-10-27 00:00:00,India
C0825,Sunita Bose,sunita.bose81@example.com,2025-11-28 00:00:00,United States
C0826,Sarah Martinez,sarah.martinez97@example.com,2025-02-25 00:00:00,United States
C0827,Jessica Davis,jessica.davis91@example.com,2025-06-16 00:00:00,France
C0828,Emily Martinez,emily.martinez34@example.com,2025-03-18 00:00:00,United States
C0829,James Mehta,james.mehta86@example.com,2025-07-26 00:00:00,United Kingdom
C0830,Meera Verma,meera.verma93@example.com,2025-09-12 00:00:00,Singapore
C0831,Emily Mukherjee,emily.mukherjee61@example.com,2025-07-18 00:00:00,United Kingdom
C0832,Deepak Martin,deepak.martin34@example.com,2025-06-25 00:00:00,United Kingdom
C0833,Vikram White,vikram.white91@example.com,2026-02-06 00:00:00,United States
C0834,Robert Thomas,robert.thomas48@example.com,2025-03-29 00:00:00,France
C0835,Suresh Johnson,suresh.johnson47@example.com,2025-02-19 00:00:00,United States
C0836,Emily Harris,emily.harris33@example.com,2025-12-15 00:00:00,Canada
C0837,Diya Jones,diya.jones55@example.com,2025-04-25 00:00:00,United Kingdom
C0838,David Mukherjee,david.mukherjee52@example.com,2025-07-10 00:00:00,India
C0839,Sarah Mishra,sarah.mishra25@example.com,2025-08-29 00:00:00,India
C0840,Deepak Thompson,deepak.thompson89@example.com,2025-02-06 00:00:00,United States
C0841,Siddharth Thomas,siddharth.thomas25@example.com,2025-12-15 00:00:00,India
C0842,David Mukherjee,david.mukherjee16@example.com,2025-03-19 00:00:00,India
C0843,Siddharth Sen,siddharth.sen62@example.com,2025-10-19 00:00:00,Canada
C0844,Ashley Reddy,ashley.reddy50@example.com,2026-01-02 00:00:00,India
C0845,Diya Anderson,diya.anderson52@example.com,2025-11-20 00:00:00,Singapore
C0846,John Mehta,john.mehta10@example.com,2025-08-20 00:00:00,India
C0847,Pranav Martin,pranav.martin30@example.com,2025-09-08 00:00:00,Germany
C0848,Diya Nair,diya.nair88@example.com,2025-08-11 00:00:00,United States
C0849,Lisa Banerjee,lisa.banerjee71@example.com,2025-07-16 00:00:00,India
C0850,Anil Williams,anil.williams57@example.com,2025-01-08 00:00:00,Canada
C0851,Vijay Williams,vijay.williams12@example.com,2025-12-13 00:00:00,India
C0852,James Jones,james.jones98@example.com,2025-06-26 00:00:00,India
C0853,Isha Das,isha.das74@example.com,2025-10-29 00:00:00,India
C0854,Arjun Gupta,arjun.gupta48@example.com,2025-05-29 00:00:00,United States
C0855,Vijay Young,vijay.young77@example.com,2025-06-22 00:00:00,United States
C0856,Meera Sen,meera.sen72@example.com,2025-07-03 00:00:00,Germany
C0857,Pranav Choudhury,pranav.choudhury12@example.com,2025-04-27 00:00:00,India
C0858,Meera Brown,meera.brown12@example.com,2025-10-29 00:00:00,United States
C0859,Kabir Bose,kabir.bose93@example.com,2026-02-10 00:00:00,India
C0860,Emily White,emily.white89@example.com,2025-01-25 00:00:00,United States
C0861,Ananya Joshi,ananya.joshi93@example.com,2025-01-11 00:00:00,India
C0862,Kabir Mukherjee,kabir.mukherjee66@example.com,2025-07-14 00:00:00,India
C0863,Emily Taylor,emily.taylor99@example.com,2025-03-20 00:00:00,India
C0864,Aarav Martinez,aarav.martinez63@example.com,2025-12-05 00:00:00,India
C0865,Vijay Davis,vijay.davis89@example.com,2025-11-07 00:00:00,United Kingdom
C0866,Thomas Joshi,thomas.joshi75@example.com,2026-01-04 00:00:00,United States
C0867,Sarah Rao,sarah.rao23@example.com,2025-09-12 00:00:00,India
C0868,Siddharth Miller,siddharth.miller76@example.com,2025-04-14 00:00:00,India
C0869,Thomas Rodriguez,thomas.rodriguez30@example.com,2025-01-21 00:00:00,United States
C0870,Tanvi Taylor,tanvi.taylor52@example.com,2025-05-01 00:00:00,India
C0871,Diya Rao,diya.rao83@example.com,2025-12-09 00:00:00,United States
C0872,Diya Thomas,diya.thomas19@example.com,2026-01-06 00:00:00,United Kingdom
C0873,Emily Jones,emily.jones68@example.com,2025-06-01 00:00:00,India
C0874,Ananya Joshi,ananya.joshi32@example.com,2025-01-21 00:00:00,France
C0875,Karen Kumar,karen.kumar64@example.com,2026-01-14 00:00:00,India
C0876,Amit Sharma,amit.sharma27@example.com,2025-12-06 00:00:00,United States
C0877,Jessica Roy,jessica.roy66@example.com,2025-11-15 00:00:00,India
C0878,Diya Bose,diya.bose53@example.com,2025-04-04 00:00:00,India
C0879,Lisa Mishra,lisa.mishra44@example.com,2025-07-17 00:00:00,United Kingdom
C0880,Rajesh Mukherjee,rajesh.mukherjee93@example.com,2026-02-13 00:00:00,India
C0881,Meera Mehta,meera.mehta30@example.com,2025-02-23 00:00:00,United States
C0882,Deepak Taylor,deepak.taylor82@example.com,2025-12-14 00:00:00,United States
C0883,Kiran Das,kiran.das55@example.com,2025-11-10 00:00:00,India
C0884,Meera Taylor,meera.taylor72@example.com,2025-02-27 00:00:00,Canada
C0885,Richard Gupta,richard.gupta18@example.com,2025-05-14 00:00:00,United Kingdom
C0886,Aarav Jackson,aarav.jackson83@example.com,2026-01-06 00:00:00,United States
C0887,Jessica Jackson,jessica.jackson76@example.com,2025-12-19 00:00:00,United Kingdom
C0888,Isha Banerjee,isha.banerjee94@example.com,2026-01-08 00:00:00,India
C0889,Robert Das,robert.das29@example.com,2025-10-13 00:00:00,Canada
C0890,Kiran Mehta,kiran.mehta11@example.com,2025-11-26 00:00:00,Australia
C0891,Sunita Taylor,sunita.taylor73@example.com,2025-03-26 00:00:00,India
C0892,Priya Kumar,priya.kumar40@example.com,2025-06-19 00:00:00,Singapore
C0893,Ananya Thomas,ananya.thomas38@example.com,2025-10-09 00:00:00,United States
C0894,Lisa Garcia,lisa.garcia20@example.com,2025-08-24 00:00:00,United States
C0895,Gita Chatterjee,gita.chatterjee21@example.com,2025-09-13 00:00:00,United States
C0896,Kabir Anderson,kabir.anderson93@example.com,2025-01-10 00:00:00,India
C0897,Thomas Gupta,thomas.gupta81@example.com,2025-10-09 00:00:00,India
C0898,Diya Young,diya.young89@example.com,2025-11-23 00:00:00,India
C0899,Sunita Harris,sunita.harris36@example.com,2025-12-02 00:00:00,United Kingdom
C0900,Jessica Bose,jessica.bose16@example.com,2025-04-25 00:00:00,France
C0901,Jessica Harris,jessica.harris89@example.com,2025-11-04 00:00:00,United States
C0902,Karen Chatterjee,karen.chatterjee24@example.com,2025-02-19 00:00:00,Germany
C0903,Vikram Sharma,vikram.sharma53@example.com,2025-07-01 00:00:00,Germany
C0904,Sarah Harris,sarah.harris76@example.com,2025-07-11 00:00:00,United Kingdom
C0905,Amit Smith,amit.smith73@example.com,2025-03-13 00:00:00,Germany
C0906,Thomas Joshi,thomas.joshi42@example.com,2025-11-09 00:00:00,India
C0907,Kabir Choudhury,kabir.choudhury37@example.com,2025-08-23 00:00:00,Germany
C0908,Siddharth Sen,siddharth.sen23@example.com,2026-01-23 00:00:00,United States
C0909,Deepak Rao,deepak.rao67@example.com,2025-08-23 00:00:00,United Kingdom
C0910,Sunita Nair,sunita.nair73@example.com,2025-01-03 00:00:00,United States
C0911,Ananya Harris,ananya.harris65@example.com,2025-10-27 00:00:00,United States
C0912,Sunita Johnson,sunita.johnson98@example.com,2025-10-24 00:00:00,India
C0913,Meera Joshi,meera.joshi59@example.com,2025-12-03 00:00:00,United States
C0914,John Thomas,john.thomas59@example.com,2025-08-03 00:00:00,Singapore
C0915,James Davis,james.davis60@example.com,2025-06-25 00:00:00,Singapore
C0916,Richard Nair,richard.nair27@example.com,2025-07-31 00:00:00,United States
C0917,Sunita Martinez,sunita.martinez99@example.com,2025-10-08 00:00:00,France
C0918,Suresh Brown,suresh.brown35@example.com,2025-04-18 00:00:00,United States
C0919,Sarah Roy,sarah.roy96@example.com,2025-03-09 00:00:00,Singapore
C0920,Rohan Thomas,rohan.thomas79@example.com,2025-12-22 00:00:00,United States
C0921,Kabir Roy,kabir.roy81@example.com,2025-09-03 00:00:00,United States
C0922,Thomas White,thomas.white46@example.com,2025-08-05 00:00:00,Germany
C0923,Vijay Joshi,vijay.joshi13@example.com,2025-07-15 00:00:00,India
C0924,Ananya Williams,ananya.williams44@example.com,2026-01-20 00:00:00,Germany
C0925,Sarah Miller,sarah.miller28@example.com,2025-02-01 00:00:00,United Kingdom
C0926,Sarah Brown,sarah.brown79@example.com,2025-01-17 00:00:00,India
C0927,Richard Joshi,richard.joshi88@example.com,2025-12-12 00:00:00,United Kingdom
C0928,Vikram Harris,vikram.harris59@example.com,2025-05-02 00:00:00,United States
C0929,Sarah Mehta,sarah.mehta58@example.com,2025-07-18 00:00:00,United States
C0930,John Harris,john.harris16@example.com,2025-01-07 00:00:00,United Kingdom
C0931,Siddharth King,siddharth.king66@example.com,2025-04-26 00:00:00,Canada
C0932,Karen Thompson,karen.thompson79@example.com,2026-01-14 00:00:00,United States
C0933,Siddharth Rodriguez,siddharth.rodriguez67@example.com,2025-04-01 00:00:00,Singapore
C0934,Arjun Johnson,arjun.johnson32@example.com,2026-01-12 00:00:00,United States
C0935,William Gupta,william.gupta64@example.com,2025-05-23 00:00:00,United States
C0936,Meera Smith,meera.smith84@example.com,2025-05-11 00:00:00,India
C0937,Ashley Reddy,ashley.reddy15@example.com,2025-03-20 00:00:00,Canada
C0938,Sanjay Mehta,sanjay.mehta90@example.com,2025-11-12 00:00:00,France
C0939,David Anderson,david.anderson83@example.com,2025-10-09 00:00:00,India
C0940,John Jackson,john.jackson38@example.com,2025-04-05 00:00:00,United States
C0941,Sunita Smith,sunita.smith63@example.com,2025-10-06 00:00:00,United States
C0942,Diya Roy,diya.roy38@example.com,2025-04-20 00:00:00,United Kingdom
C0943,Jessica Bose,jessica.bose47@example.com,2025-04-22 00:00:00,Australia
C0944,Kiran Jackson,kiran.jackson70@example.com,2025-10-15 00:00:00,Germany
C0945,Aarav Rao,aarav.rao95@example.com,2025-06-27 00:00:00,United States
C0946,Kiran King,kiran.king41@example.com,2025-01-21 00:00:00,United Kingdom
C0947,John Das,john.das24@example.com,2025-07-17 00:00:00,India
C0948,Sarah Verma,sarah.verma76@example.com,2026-01-30 00:00:00,India
C0949,Sunita Chatterjee,sunita.chatterjee72@example.com,2025-01-23 00:00:00,India
C0950,Siddharth Kumar,siddharth.kumar75@example.com,2025-02-12 00:00:00,Australia
C0951,Pranav White,pranav.white78@example.com,2025-01-04 00:00:00,United States
C0952,Tanvi Brown,tanvi.brown97@example.com,2025-08-06 00:00:00,France
C0953,Tanvi White,tanvi.white99@example.com,2026-01-15 00:00:00,Germany
C0954,Arjun Reddy,arjun.reddy13@example.com,2025-08-24 00:00:00,United Kingdom
C0955,Amit Singh,amit.singh19@example.com,2025-01-28 00:00:00,India
C0956,Emily Harris,emily.harris19@example.com,2025-10-22 00:00:00,Germany
C0957,Emily Mukherjee,emily.mukherjee59@example.com,2025-08-19 00:00:00,United States
C0958,Sandra Kumar,sandra.kumar12@example.com,2025-07-19 00:00:00,United Kingdom
C0959,Anil Sharma,anil.sharma92@example.com,2026-01-04 00:00:00,United States
C0960,Deepak Gupta,deepak.gupta99@example.com,2025-02-07 00:00:00,India
C0961,Sunita Joshi,sunita.joshi47@example.com,2026-02-07 00:00:00,United Kingdom
C0962,Sanjay Singh,sanjay.singh46@example.com,2026-01-27 00:00:00,Canada
C0963,William Choudhury,william.choudhury94@example.com,2025-01-16 00:00:00,United States
C0964,Anil Jones,anil.jones27@example.com,2026-01-18 00:00:00,India
C0965,Anil Rodriguez,anil.rodriguez91@example.com,2025-03-15 00:00:00,India
C0966,Karen Sharma,karen.sharma80@example.com,2025-10-12 00:00:00,India
C0967,Amit Sharma,amit.sharma83@example.com,2025-11-02 00:00:00,India
C0968,Suresh Singh,suresh.singh49@example.com,2025-04-18 00:00:00,United Kingdom
C0969,Robert Brown,robert.brown62@example.com,2025-11-27 00:00:00,France
C0970,Neha Smith,neha.smith33@example.com,2025-04-24 00:00:00,United States
C0971,Emily Williams,emily.williams24@example.com,2025-04-03 00:00:00,United Kingdom
C0972,Gita Mehta,gita.mehta80@example.com,2025-08-25 00:00:00,United States
C0973,Arjun Rodriguez,arjun.rodriguez95@example.com,2025-02-04 00:00:00,India
C0974,Siddharth Thompson,siddharth.thompson72@example.com,2025-06-19 00:00:00,India
C0975,James Joshi,james.joshi46@example.com,2025-11-14 00:00:00,India
C0976,Siddharth Kumar,siddharth.kumar72@example.com,2025-08-19 00:00:00,India
C0977,David Thompson,david.thompson29@example.com,2025-10-17 00:00:00,United States
C0978,John Banerjee,john.banerjee31@example.com,2025-01-03 00:00:00,India
C0979,Vikram Banerjee,vikram.banerjee45@example.com,2025-07-04 00:00:00,India
C0980,Jessica Taylor,jessica.taylor69@example.com,2025-08-17 00:00:00,India
C0981,David Anderson,david.anderson80@example.com,2025-02-25 00:00:00,India
C0982,Sanjay Singh,sanjay.singh45@example.com,2025-03-13 00:00:00,Canada
C0983,Siddharth Miller,siddharth.miller90@example.com,2025-02-09 00:00:00,United Kingdom
C0984,Aditya Thomas,aditya.thomas90@example.com,2025-01-16 00:00:00,Germany
C0985,Deepak Choudhury,deepak.choudhury85@example.com,2025-04-19 00:00:00,Canada
C0986,Suresh Miller,suresh.miller79@example.com,2025-10-04 00:00:00,United States
C0987,Neha Bose,neha.bose60@example.com,2025-04-25 00:00:00,Canada
C0988,Deepak Rodriguez,deepak.rodriguez27@example.com,2025-08-26 00:00:00,United States
C0989,Diya Choudhury,diya.choudhury56@example.com,2025-09-15 00:00:00,India
C0990,James King,james.king97@example.com,2025-03-26 00:00:00,Germany
C0991,Meera Chatterjee,meera.chatterjee30@example.com,2025-04-02 00:00:00,United States
C0992,Gita Reddy,gita.reddy71@example.com,2025-07-03 00:00:00,India
C0993,Priya Jones,priya.jones18@example.com,2025-05-16 00:00:00,India
C0994,Amit Brown,amit.brown76@example.com,2026-02-10 00:00:00,India
C0995,Rajesh Mishra,rajesh.mishra15@example.com,2025-01-21 00:00:00,Singapore
C0996,John Joshi,john.joshi76@example.com,2025-11-21 00:00:00,Germany
C0997,Emily Thompson,emily.thompson79@example.com,2025-10-19 00:00:00,India
C0998,William Bose,william.bose85@example.com,2025-12-01 00:00:00,Canada
C0999,Arjun Jackson,arjun.jackson42@example.com,2025-07-12 00:00:00,Singapore
C1000,Vikram Jackson,vikram.jackson61@example.com,2025-06-30 00:00:00,Germany
